1,1,Amazon,410 Terry Ave N,Seattle,WA,98109,US,1980,10000,"At IBM, you'll flourish like nowhere else. Not only will you be surrounded by the best and the brightest, you'll work in an environment that will accelerate your professional бн",https://www.amazon.com/,images\logo_Amazon.png
2,2,Amazon,411 Terry Ave N,Seattle,WA,98110,US,1981,10001,"At IBM, you'll flourish like nowhere else. Not only will you be surrounded by the best and the brightest, you'll work in an environment that will accelerate your professional бн",https://www.amazon.com/,images\logo_Amazon.png
3,3,Amazon,412 Terry Ave N,Seattle,WA,98111,US,1982,10002,"At IBM, you'll flourish like nowhere else. Not only will you be surrounded by the best and the brightest, you'll work in an environment that will accelerate your professional бн",https://www.amazon.com/,images\logo_Amazon.png
4,4,Amazon,413 Terry Ave N,Seattle,WA,98112,US,1983,10003,"At IBM, you'll flourish like nowhere else. Not only will you be surrounded by the best and the brightest, you'll work in an environment that will accelerate your professional бн",https://www.amazon.com/,images\logo_Amazon.png
5,5,Amazon,414 Terry Ave N,Seattle,WA,98113,US,1984,10004,"At IBM, you'll flourish like nowhere else. Not only will you be surrounded by the best and the brightest, you'll work in an environment that will accelerate your professional бн",https://www.amazon.com/,images\logo_Amazon.png
6,6,Amazon,415 Terry Ave N,Seattle,WA,98114,US,1985,10005,"At IBM, you'll flourish like nowhere else. Not only will you be surrounded by the best and the brightest, you'll work in an environment that will accelerate your professional бн",https://www.amazon.com/,images\logo_Amazon.png
7,7,Amazon,416 Terry Ave N,Seattle,WA,98115,US,1986,10006,"At IBM, you'll flourish like nowhere else. Not only will you be surrounded by the best and the brightest, you'll work in an environment that will accelerate your professional бн",https://www.amazon.com/,images\logo_Amazon.png
8,8,Amazon,417 Terry Ave N,Seattle,WA,98116,US,1987,10007,"At IBM, you'll flourish like nowhere else. Not only will you be surrounded by the best and the brightest, you'll work in an environment that will accelerate your professional бн",https://www.amazon.com/,images\logo_Amazon.png
9,9,Amazon,418 Terry Ave N,Seattle,WA,98117,US,1988,10008,"At IBM, you'll flourish like nowhere else. Not only will you be surrounded by the best and the brightest, you'll work in an environment that will accelerate your professional бн",https://www.amazon.com/,images\logo_Amazon.png
10,10,Amazon,419 Terry Ave N,Seattle,WA,98118,US,1989,10009,"At IBM, you'll flourish like nowhere else. Not only will you be surrounded by the best and the brightest, you'll work in an environment that will accelerate your professional бн",https://www.amazon.com/,images\logo_Amazon.png
11,11,Amazon,420 Terry Ave N,Seattle,WA,98119,US,1990,10010,"At IBM, you'll flourish like nowhere else. Not only will you be surrounded by the best and the brightest, you'll work in an environment that will accelerate your professional бн",https://www.amazon.com/,images\logo_Amazon.png
12,12,Amazon,421 Terry Ave N,Seattle,WA,98120,US,1991,10011,"At IBM, you'll flourish like nowhere else. Not only will you be surrounded by the best and the brightest, you'll work in an environment that will accelerate your professional бн",https://www.amazon.com/,images\logo_Amazon.png
13,13,Amazon,422 Terry Ave N,Seattle,WA,98121,US,1992,10012,"At IBM, you'll flourish like nowhere else. Not only will you be surrounded by the best and the brightest, you'll work in an environment that will accelerate your professional бн",https://www.amazon.com/,images\logo_Amazon.png
14,14,Amazon,423 Terry Ave N,Seattle,WA,98122,US,1993,10013,"At IBM, you'll flourish like nowhere else. Not only will you be surrounded by the best and the brightest, you'll work in an environment that will accelerate your professional бн",https://www.amazon.com/,images\logo_Amazon.png
15,15,Amazon,424 Terry Ave N,Seattle,WA,98123,US,1994,10014,"At IBM, you'll flourish like nowhere else. Not only will you be surrounded by the best and the brightest, you'll work in an environment that will accelerate your professional бн",https://www.amazon.com/,images\logo_Amazon.png
