1,1,Data Analyst,"Data analysts translate numbers into plain English Every business collects data, whether it's sales figures, market research, logistics, or transportation costs. A data analyst's job is to take that data and use it to help companies make better business decisions.",Full Time,"Data analysts translate numbers into plain English Every business collects data, whether it's sales figures, market research, logistics, or transportation costs. A data analyst's job is to take that data and use it to help companies make better business decisions.",5000,10000,2008/10/8 0:00
2,2,Data Analyst,"Data analysts translate numbers into plain English Every business collects data, whether it's sales figures, market research, logistics, or transportation costs. A data analyst's job is to take that data and use it to help companies make better business decisions.",Full Time,"Data analysts translate numbers into plain English Every business collects data, whether it's sales figures, market research, logistics, or transportation costs. A data analyst's job is to take that data and use it to help companies make better business decisions.",5000,10000,2008/10/8 0:00
3,3,Data Analyst,"Data analysts translate numbers into plain English Every business collects data, whether it's sales figures, market research, logistics, or transportation costs. A data analyst's job is to take that data and use it to help companies make better business decisions.",Full Time,"Data analysts translate numbers into plain English Every business collects data, whether it's sales figures, market research, logistics, or transportation costs. A data analyst's job is to take that data and use it to help companies make better business decisions.",5000,10000,2008/10/8 0:00
4,4,Data Analyst,"Data analysts translate numbers into plain English Every business collects data, whether it's sales figures, market research, logistics, or transportation costs. A data analyst's job is to take that data and use it to help companies make better business decisions.",Full Time,"Data analysts translate numbers into plain English Every business collects data, whether it's sales figures, market research, logistics, or transportation costs. A data analyst's job is to take that data and use it to help companies make better business decisions.",5000,10000,2008/10/8 0:00
5,5,Data Analyst,"Data analysts translate numbers into plain English Every business collects data, whether it's sales figures, market research, logistics, or transportation costs. A data analyst's job is to take that data and use it to help companies make better business decisions.",Full Time,"Data analysts translate numbers into plain English Every business collects data, whether it's sales figures, market research, logistics, or transportation costs. A data analyst's job is to take that data and use it to help companies make better business decisions.",5000,10000,2008/10/8 0:00
6,6,Data Analyst,"Data analysts translate numbers into plain English Every business collects data, whether it's sales figures, market research, logistics, or transportation costs. A data analyst's job is to take that data and use it to help companies make better business decisions.",Full Time,"Data analysts translate numbers into plain English Every business collects data, whether it's sales figures, market research, logistics, or transportation costs. A data analyst's job is to take that data and use it to help companies make better business decisions.",5000,10000,2008/10/8 0:00
7,7,Data Analyst,"Data analysts translate numbers into plain English Every business collects data, whether it's sales figures, market research, logistics, or transportation costs. A data analyst's job is to take that data and use it to help companies make better business decisions.",Full Time,"Data analysts translate numbers into plain English Every business collects data, whether it's sales figures, market research, logistics, or transportation costs. A data analyst's job is to take that data and use it to help companies make better business decisions.",5000,10000,2008/10/8 0:00
8,8,Data Analyst,"Data analysts translate numbers into plain English Every business collects data, whether it's sales figures, market research, logistics, or transportation costs. A data analyst's job is to take that data and use it to help companies make better business decisions.",Full Time,"Data analysts translate numbers into plain English Every business collects data, whether it's sales figures, market research, logistics, or transportation costs. A data analyst's job is to take that data and use it to help companies make better business decisions.",5000,10000,2008/10/8 0:00
9,9,Data Analyst,"Data analysts translate numbers into plain English Every business collects data, whether it's sales figures, market research, logistics, or transportation costs. A data analyst's job is to take that data and use it to help companies make better business decisions.",Full Time,"Data analysts translate numbers into plain English Every business collects data, whether it's sales figures, market research, logistics, or transportation costs. A data analyst's job is to take that data and use it to help companies make better business decisions.",5000,10000,2008/10/8 0:00
10,10,Data Analyst,"Data analysts translate numbers into plain English Every business collects data, whether it's sales figures, market research, logistics, or transportation costs. A data analyst's job is to take that data and use it to help companies make better business decisions.",Full Time,"Data analysts translate numbers into plain English Every business collects data, whether it's sales figures, market research, logistics, or transportation costs. A data analyst's job is to take that data and use it to help companies make better business decisions.",5000,10000,2008/10/8 0:00
11,11,Data Analyst,"Data analysts translate numbers into plain English Every business collects data, whether it's sales figures, market research, logistics, or transportation costs. A data analyst's job is to take that data and use it to help companies make better business decisions.",Full Time,"Data analysts translate numbers into plain English Every business collects data, whether it's sales figures, market research, logistics, or transportation costs. A data analyst's job is to take that data and use it to help companies make better business decisions.",5000,10000,2008/10/8 0:00
12,12,Data Analyst,"Data analysts translate numbers into plain English Every business collects data, whether it's sales figures, market research, logistics, or transportation costs. A data analyst's job is to take that data and use it to help companies make better business decisions.",Full Time,"Data analysts translate numbers into plain English Every business collects data, whether it's sales figures, market research, logistics, or transportation costs. A data analyst's job is to take that data and use it to help companies make better business decisions.",5000,10000,2008/10/8 0:00
13,13,Data Analyst,"Data analysts translate numbers into plain English Every business collects data, whether it's sales figures, market research, logistics, or transportation costs. A data analyst's job is to take that data and use it to help companies make better business decisions.",Full Time,"Data analysts translate numbers into plain English Every business collects data, whether it's sales figures, market research, logistics, or transportation costs. A data analyst's job is to take that data and use it to help companies make better business decisions.",5000,10000,2008/10/8 0:00
14,14,Data Analyst,"Data analysts translate numbers into plain English Every business collects data, whether it's sales figures, market research, logistics, or transportation costs. A data analyst's job is to take that data and use it to help companies make better business decisions.",Full Time,"Data analysts translate numbers into plain English Every business collects data, whether it's sales figures, market research, logistics, or transportation costs. A data analyst's job is to take that data and use it to help companies make better business decisions.",5000,10000,2008/10/8 0:00
15,15,Data Analyst,"Data analysts translate numbers into plain English Every business collects data, whether it's sales figures, market research, logistics, or transportation costs. A data analyst's job is to take that data and use it to help companies make better business decisions.",Full Time,"Data analysts translate numbers into plain English Every business collects data, whether it's sales figures, market research, logistics, or transportation costs. A data analyst's job is to take that data and use it to help companies make better business decisions.",5000,10000,2008/10/8 0:00
